{
  "area": 92400484528.74182,
  "nearbyEcoregions": [
    "Marshall Islands",
    "East Caroline Islands"
  ],
  "minTemp": 28.011158,
  "maxTemp": 30.495605
}