{
  "area": 92607364669.43335,
  "nearbyEcoregions": [
    "Marshall Islands",
    "East Caroline Islands"
  ],
  "minTemp": 28.011158,
  "maxTemp": 30.495605
}